Name,Points,Reason,Nearest EDA System,Distance
Col 285 Sector KH-L c8-15,11,"Contains landable worlds: Col 285 Sector KH-L c8-15 C 2 a, Col 285 Sector KH-L c8-15 C 2 b, Col 285 Sector KH-L c8-15 C 2 c, Col 285 Sector KH-L c8-15 C 2 d; Contains ringed worlds: Col 285 Sector KH-L c8-15 C 1, Col 285 Sector KH-L c8-15 C 2; Contains multiple stars: Col 285 Sector KH-L c8-15 A, Col 285 Sector KH-L c8-15 B, Col 285 Sector KH-L c8-15 C",9 G. Carinae,4.903
HR 2354,11,"Contains landable worlds: HR 2354 1 a, HR 2354 1 c, HR 2354 1 d, HR 2354 2 a, HR 2354 2 b, HR 2354 2 c, HR 2354 2 d, HR 2354 2 e, HR 2354 3 a, HR 2354 3 b, HR 2354 3 c, HR 2354 3 d, HR 2354 3 e, HR 2354 3 f, HR 2354 3 f a; Contains ringed worlds: HR 2354 2, HR 2354 3; Contains multiple stars: HR 2354, HR 2354 3",Phra Zhons,6.464
Col 285 Sector HR-W a31-1,10,"Contains landable worlds: Col 285 Sector HR-W a31-1 3 a, Col 285 Sector HR-W a31-1 4 a, Col 285 Sector HR-W a31-1 4 b, Col 285 Sector HR-W a31-1 4 c; Contains ringed worlds: Col 285 Sector HR-W a31-1 5",LTT 2684,8.534
Crucis Sector BQ-P a5-1,10,"Contains landable worlds: Crucis Sector BQ-P a5-1 4 a, Crucis Sector BQ-P a5-1 4 b, Crucis Sector BQ-P a5-1 4 c, Crucis Sector BQ-P a5-1 4 d, Crucis Sector BQ-P a5-1 4 e, Crucis Sector BQ-P a5-1 4 f; Contains ringed worlds: Crucis Sector BQ-P a5-1 4, Crucis Sector BQ-P a5-1 5",Velabri,9.643
ICZ BV-Y c26,10,"Contains landable worlds: ICZ BV-Y c26 1 a, ICZ BV-Y c26 2 a, ICZ BV-Y c26 2 d, ICZ BV-Y c26 2 d a, ICZ BV-Y c26 2 e, ICZ BV-Y c26 2 f; Contains ringed worlds: ICZ BV-Y c26 2",Dievat,7.732
LTT 2952,10,"Contains landable worlds: Burbidge, LTT 2952 2 a, LTT 2952 2 b, LTT 2952 2 c, LTT 2952 4 a, LTT 2952 4 b, LTT 2952 4 c, LTT 2952 5 a, LTT 2952 5 b, LTT 2952 6 a, LTT 2952 6 b, LTT 2952 6 c, LTT 2952 6 d; Contains ringed worlds: LTT 2952 2, LTT 2952 5, LTT 2952 7",Arannos,8.47
Puppis Sector BF-R a4-0,10,"Contains landable worlds: Puppis Sector BF-R a4-0 1, Puppis Sector BF-R a4-0 3 a, Puppis Sector BF-R a4-0 6 a; Contains ringed worlds: Puppis Sector BF-R a4-0 9",Bok,9.663
Col 285 Sector GR-W a31-0,6,"Contains landable worlds: Col 285 Sector GR-W a31-0 A 1, Col 285 Sector GR-W a31-0 A 2, Col 285 Sector GR-W a31-0 A 2 a, Col 285 Sector GR-W a31-0 A 3, Col 285 Sector GR-W a31-0 A 4, Col 285 Sector GR-W a31-0 A 4 a, Col 285 Sector GR-W a31-0 B 1, Col 285 Sector GR-W a31-0 B 2, Col 285 Sector GR-W a31-0 B 3, Col 285 Sector GR-W a31-0 B 4, Col 285 Sector GR-W a31-0 B 5; Contains multiple stars: Col 285 Sector GR-W a31-0 A, Col 285 Sector GR-W a31-0 B",RMK 6,5.66
Col 285 Sector IM-W a31-0,6,"Contains landable worlds: Col 285 Sector IM-W a31-0 A 2, Col 285 Sector IM-W a31-0 A 3, Col 285 Sector IM-W a31-0 A 4, Col 285 Sector IM-W a31-0 A 5, Col 285 Sector IM-W a31-0 A 5 a, Col 285 Sector IM-W a31-0 B 1, Col 285 Sector IM-W a31-0 B 2, Col 285 Sector IM-W a31-0 B 3, Col 285 Sector IM-W a31-0 B 4, Col 285 Sector IM-W a31-0 B 5, Col 285 Sector IM-W a31-0 B 6; Contains multiple stars: Col 285 Sector IM-W a31-0 A, Col 285 Sector IM-W a31-0 B",Antai,2.649
Col 285 Sector IM-W a31-2,6,"Contains landable worlds: Col 285 Sector IM-W a31-2 A 2, Col 285 Sector IM-W a31-2 A 3, Col 285 Sector IM-W a31-2 A 3 a, Col 285 Sector IM-W a31-2 A 4, Col 285 Sector IM-W a31-2 A 5, Col 285 Sector IM-W a31-2 B 1; Contains multiple stars: Col 285 Sector IM-W a31-2 A, Col 285 Sector IM-W a31-2 B",Trumuye,4.297
Col 285 Sector IS-U a32-1,6,"Contains landable worlds: Col 285 Sector IS-U a32-1 A 1 a, Col 285 Sector IS-U a32-1 A 2 a, Col 285 Sector IS-U a32-1 A 5 a, Col 285 Sector IS-U a32-1 B 1, Col 285 Sector IS-U a32-1 B 2, Col 285 Sector IS-U a32-1 B 3, Col 285 Sector IS-U a32-1 B 4, Col 285 Sector IS-U a32-1 B 5, Col 285 Sector IS-U a32-1 B 6 a, Col 285 Sector IS-U a32-1 B 7, Col 285 Sector IS-U a32-1 B 7 a, Col 285 Sector IS-U a32-1 B 8; Contains multiple stars: Col 285 Sector IS-U a32-1 A, Col 285 Sector IS-U a32-1 B",Herci,5.282
Col 285 Sector ON-Y b15-5,6,"Contains landable worlds: Col 285 Sector ON-Y b15-5 B 1, Col 285 Sector ON-Y b15-5 B 2, Col 285 Sector ON-Y b15-5 B 3, Col 285 Sector ON-Y b15-5 B 4, Col 285 Sector ON-Y b15-5 B 5, Col 285 Sector ON-Y b15-5 B 6, Col 285 Sector ON-Y b15-5 B 7, Col 285 Sector ON-Y b15-5 B 8; Contains multiple stars: Col 285 Sector ON-Y b15-5 A, Col 285 Sector ON-Y b15-5 B",RMK 6,6.38
Col 285 Sector RD-Y b15-4,6,"Contains landable worlds: Col 285 Sector RD-Y b15-4 A 2, Col 285 Sector RD-Y b15-4 A 3 a; Contains multiple stars: Col 285 Sector RD-Y b15-4 A, Col 285 Sector RD-Y b15-4 B, Col 285 Sector RD-Y b15-4 C",Luchu,5.552
Col 285 Sector WJ-W b16-2,6,"Contains landable worlds: Col 285 Sector WJ-W b16-2 A 1, Col 285 Sector WJ-W b16-2 A 2, Col 285 Sector WJ-W b16-2 A 3 a, Col 285 Sector WJ-W b16-2 A 4, Col 285 Sector WJ-W b16-2 A 5, Col 285 Sector WJ-W b16-2 A 6, Col 285 Sector WJ-W b16-2 A 6 a, Col 285 Sector WJ-W b16-2 A 7, Col 285 Sector WJ-W b16-2 A 8, Col 285 Sector WJ-W b16-2 B 1, Col 285 Sector WJ-W b16-2 B 2, Col 285 Sector WJ-W b16-2 B 3, Col 285 Sector WJ-W b16-2 B 4, Col 285 Sector WJ-W b16-2 B 5, Col 285 Sector WJ-W b16-2 B 6, Col 285 Sector WJ-W b16-2 B 7, Col 285 Sector WJ-W b16-2 B 8, Col 285 Sector WJ-W b16-2 B 8 a, Col 285 Sector WJ-W b16-2 B 9; Contains multiple stars: Col 285 Sector WJ-W b16-2 A, Col 285 Sector WJ-W b16-2 B",Groanomana,3.055
Col 285 Sector WJ-W b16-6,6,"Contains landable worlds: Col 285 Sector WJ-W b16-6 A 1, Col 285 Sector WJ-W b16-6 A 2, Col 285 Sector WJ-W b16-6 A 3, Col 285 Sector WJ-W b16-6 A 4, Col 285 Sector WJ-W b16-6 A 4 a, Col 285 Sector WJ-W b16-6 A 5, Col 285 Sector WJ-W b16-6 A 6, Col 285 Sector WJ-W b16-6 A 6 a; Contains multiple stars: Col 285 Sector WJ-W b16-6 A, Col 285 Sector WJ-W b16-6 B",Naualam,9.173
Crucis Sector HW-W b1-6,6,"Contains landable worlds: Crucis Sector HW-W b1-6 B 2, Crucis Sector HW-W b1-6 B 3, Crucis Sector HW-W b1-6 B 4 a, Crucis Sector HW-W b1-6 B 5, Crucis Sector HW-W b1-6 B 6; Contains multiple stars: Crucis Sector HW-W b1-6 A, Crucis Sector HW-W b1-6 B",Maka,2.506
Crucis Sector PX-U a2-1,6,"Contains landable worlds: Crucis Sector PX-U a2-1 A 1, Crucis Sector PX-U a2-1 B 1, Crucis Sector PX-U a2-1 B 1 a; Contains multiple stars: Crucis Sector PX-U a2-1 A, Crucis Sector PX-U a2-1 B",LHS 1852,2.999
Crucis Sector WJ-R a4-0,6,"Contains landable worlds: Crucis Sector WJ-R a4-0 C 1, Crucis Sector WJ-R a4-0 C 2, Crucis Sector WJ-R a4-0 C 3, Crucis Sector WJ-R a4-0 C 4, Crucis Sector WJ-R a4-0 C 5, Crucis Sector WJ-R a4-0 C 6, Crucis Sector WJ-R a4-0 C 7; Contains multiple stars: Crucis Sector WJ-R a4-0 A, Crucis Sector WJ-R a4-0 B, Crucis Sector WJ-R a4-0 C",Velabri,6.83
Hyades Sector RL-H a25-0,6,"Contains landable worlds: Hyades Sector RL-H a25-0 B 1, Hyades Sector RL-H a25-0 B 2, Hyades Sector RL-H a25-0 B 2 a, Hyades Sector RL-H a25-0 B 3, Hyades Sector RL-H a25-0 B 4, Hyades Sector RL-H a25-0 B 5, Hyades Sector RL-H a25-0 B 7; Contains multiple stars: Hyades Sector RL-H a25-0 A, Hyades Sector RL-H a25-0 B, Hyades Sector RL-H a25-0 C",Ninhursag,9.602
Hyades Sector TE-G b11-0,6,"Contains landable worlds: Hyades Sector TE-G b11-0 A 1, Hyades Sector TE-G b11-0 A 2, Hyades Sector TE-G b11-0 A 3, Hyades Sector TE-G b11-0 A 4, Hyades Sector TE-G b11-0 A 6, Hyades Sector TE-G b11-0 A 7; Contains multiple stars: Hyades Sector TE-G b11-0 A, Hyades Sector TE-G b11-0 B",Coni,6.727
Hyades Sector WK-E b12-3,6,"Contains landable worlds: Hyades Sector WK-E b12-3 B 1, Hyades Sector WK-E b12-3 B 2, Hyades Sector WK-E b12-3 B 3 a, Hyades Sector WK-E b12-3 B 4, Hyades Sector WK-E b12-3 B 5 a, Hyades Sector WK-E b12-3 B 6, Hyades Sector WK-E b12-3 B 7 a, Hyades Sector WK-E b12-3 B 8 a, Hyades Sector WK-E b12-3 B 9 a; Contains multiple stars: Hyades Sector WK-E b12-3 A, Hyades Sector WK-E b12-3 B",Eta-1 Pictoris,6.257
ICZ CQ-Y d76,6,"Contains landable worlds: ICZ CQ-Y d76 B 1, ICZ CQ-Y d76 B 2, ICZ CQ-Y d76 B 3, ICZ CQ-Y d76 B 4, ICZ CQ-Y d76 B 4 a, ICZ CQ-Y d76 B 5, ICZ CQ-Y d76 B 6, ICZ CQ-Y d76 B 7, ICZ CQ-Y d76 B 8, ICZ CQ-Y d76 B 9, ICZ CQ-Y d76 B 9 a; Contains multiple stars: ICZ CQ-Y d76 A, ICZ CQ-Y d76 B",Naualam,7.934
ICZ VT-Z b0,6,"Contains landable worlds: ICZ VT-Z b0 A 1, ICZ VT-Z b0 A 2, ICZ VT-Z b0 A 3, ICZ VT-Z b0 A 4, ICZ VT-Z b0 A 6, ICZ VT-Z b0 A 7, ICZ VT-Z b0 A 8, ICZ VT-Z b0 B 1, ICZ VT-Z b0 B 2, ICZ VT-Z b0 B 3, ICZ VT-Z b0 B 5, ICZ VT-Z b0 B 6; Contains multiple stars: ICZ VT-Z b0 A, ICZ VT-Z b0 B",Zeta Pictoris,4.71
ICZ WO-Z b3,6,"Contains landable worlds: ICZ WO-Z b3 A 5 a, ICZ WO-Z b3 A 8, ICZ WO-Z b3 A 9, ICZ WO-Z b3 A 10, ICZ WO-Z b3 A 11, ICZ WO-Z b3 C 1, ICZ WO-Z b3 C 1 a, ICZ WO-Z b3 C 2, ICZ WO-Z b3 C 3, ICZ WO-Z b3 C 6, ICZ WO-Z b3 C 6 a; Contains multiple stars: ICZ WO-Z b3 A, ICZ WO-Z b3 B, ICZ WO-Z b3 C",Zeta Pictoris,3.466
ICZ WO-Z b4,6,"Contains landable worlds: ICZ WO-Z b4 B 1 a, ICZ WO-Z b4 B 2, ICZ WO-Z b4 B 3, ICZ WO-Z b4 B 4, ICZ WO-Z b4 B 5 a, ICZ WO-Z b4 B 6 a, ICZ WO-Z b4 B 7; Contains multiple stars: ICZ WO-Z b4 A, ICZ WO-Z b4 B",Kokobii,4.506
ICZ WO-Z b8,6,"Contains landable worlds: ICZ WO-Z b8 A 1, ICZ WO-Z b8 A 2, ICZ WO-Z b8 A 3, ICZ WO-Z b8 A 4, ICZ WO-Z b8 A 4 a, ICZ WO-Z b8 A 5, ICZ WO-Z b8 A 6, ICZ WO-Z b8 A 6 a, ICZ WO-Z b8 B 1, ICZ WO-Z b8 B 2, ICZ WO-Z b8 B 2 a, ICZ WO-Z b8 B 3, ICZ WO-Z b8 B 3 a, ICZ WO-Z b8 B 4, ICZ WO-Z b8 B 5, ICZ WO-Z b8 B 6, ICZ WO-Z b8 B 6 a, ICZ WO-Z b8 B 7; Contains multiple stars: ICZ WO-Z b8 A, ICZ WO-Z b8 B, ICZ WO-Z b8 C",Lutni,5.972
Puppis Sector OX-U b2-2,6,"Contains landable worlds: Puppis Sector OX-U b2-2 B 1, Puppis Sector OX-U b2-2 B 2, Puppis Sector OX-U b2-2 B 4, Puppis Sector OX-U b2-2 B 5, Puppis Sector OX-U b2-2 B 6, Puppis Sector OX-U b2-2 B 7, Puppis Sector OX-U b2-2 B 8, Puppis Sector OX-U b2-2 B 9; Contains multiple stars: Puppis Sector OX-U b2-2 A, Puppis Sector OX-U b2-2 B",Matio,4.576
Puppis Sector OX-U b2-4,6,"Contains landable worlds: Puppis Sector OX-U b2-4 A 1, Puppis Sector OX-U b2-4 A 2, Puppis Sector OX-U b2-4 A 3, Puppis Sector OX-U b2-4 A 4, Puppis Sector OX-U b2-4 A 5, Puppis Sector OX-U b2-4 A 6, Puppis Sector OX-U b2-4 A 6 a, Puppis Sector OX-U b2-4 A 7; Contains multiple stars: Puppis Sector OX-U b2-4 A, Puppis Sector OX-U b2-4 B, Puppis Sector OX-U b2-4 C",Matio,8.478
Shui Wei Sector DB-W b2-5,6,"Contains landable worlds: Shui Wei Sector DB-W b2-5 B 2 a, Shui Wei Sector DB-W b2-5 B 4 a, Shui Wei Sector DB-W b2-5 B 5 a; Contains multiple stars: Shui Wei Sector DB-W b2-5 A, Shui Wei Sector DB-W b2-5 B",HR 2283,8.519
Shui Wei Sector JH-U b3-5,6,"Contains landable worlds: Shui Wei Sector JH-U b3-5 B 3 a; Contains multiple stars: Shui Wei Sector JH-U b3-5 A, Shui Wei Sector JH-U b3-5 B",Lu Bei,7.115
Shui Wei Sector JY-O a7-1,6,"Contains landable worlds: Shui Wei Sector JY-O a7-1 C 1, Shui Wei Sector JY-O a7-1 C 2, Shui Wei Sector JY-O a7-1 C 3, Shui Wei Sector JY-O a7-1 C 4, Shui Wei Sector JY-O a7-1 C 5, Shui Wei Sector JY-O a7-1 C 6, Shui Wei Sector JY-O a7-1 C 7; Contains multiple stars: Shui Wei Sector JY-O a7-1 A, Shui Wei Sector JY-O a7-1 B, Shui Wei Sector JY-O a7-1 C",Raurugba,9.231
Aphros,5,"Contains landable worlds: Aphros 4 a, Aphros 5 a",CPD-59 314,8.618
Col 285 Sector AF-A a30-3,5,"Contains landable worlds: Col 285 Sector AF-A a30-3 2, Col 285 Sector AF-A a30-3 3, Col 285 Sector AF-A a30-3 5, Col 285 Sector AF-A a30-3 6, Col 285 Sector AF-A a30-3 7 a, Col 285 Sector AF-A a30-3 8",HIP 35096,7.947
Col 285 Sector AF-A a30-4,5,"Contains landable worlds: Col 285 Sector AF-A a30-4 1, Col 285 Sector AF-A a30-4 2, Col 285 Sector AF-A a30-4 3, Col 285 Sector AF-A a30-4 4, Col 285 Sector AF-A a30-4 5, Col 285 Sector AF-A a30-4 5 a, Col 285 Sector AF-A a30-4 6, Col 285 Sector AF-A a30-4 7, Col 285 Sector AF-A a30-4 8, Col 285 Sector AF-A a30-4 9",HIP 35096,7.381
Col 285 Sector CA-A a30-0,5,"Contains landable worlds: Col 285 Sector CA-A a30-0 1, Col 285 Sector CA-A a30-0 2, Col 285 Sector CA-A a30-0 3, Col 285 Sector CA-A a30-0 4, Col 285 Sector CA-A a30-0 5, Col 285 Sector CA-A a30-0 6, Col 285 Sector CA-A a30-0 7",HIP 35096,4.521
Col 285 Sector CA-A a30-1,5,"Contains landable worlds: Col 285 Sector CA-A a30-1 1, Col 285 Sector CA-A a30-1 2, Col 285 Sector CA-A a30-1 3, Col 285 Sector CA-A a30-1 4, Col 285 Sector CA-A a30-1 5",HIP 35096,4.791
Col 285 Sector CA-A a30-2,5,"Contains landable worlds: Col 285 Sector CA-A a30-2 1, Col 285 Sector CA-A a30-2 2, Col 285 Sector CA-A a30-2 2 a, Col 285 Sector CA-A a30-2 3, Col 285 Sector CA-A a30-2 3 a, Col 285 Sector CA-A a30-2 4, Col 285 Sector CA-A a30-2 5, Col 285 Sector CA-A a30-2 6, Col 285 Sector CA-A a30-2 6 a, Col 285 Sector CA-A a30-2 7",HIP 35096,6.617
Col 285 Sector CA-A a30-3,5,"Contains landable worlds: Col 285 Sector CA-A a30-3 1, Col 285 Sector CA-A a30-3 2, Col 285 Sector CA-A a30-3 3, Col 285 Sector CA-A a30-3 4, Col 285 Sector CA-A a30-3 5, Col 285 Sector CA-A a30-3 6, Col 285 Sector CA-A a30-3 7, Col 285 Sector CA-A a30-3 8, Col 285 Sector CA-A a30-3 9",HIP 35096,6.531
Col 285 Sector CA-A a30-4,5,"Contains landable worlds: Col 285 Sector CA-A a30-4 1, Col 285 Sector CA-A a30-4 2, Col 285 Sector CA-A a30-4 3, Col 285 Sector CA-A a30-4 3 a, Col 285 Sector CA-A a30-4 4, Col 285 Sector CA-A a30-4 5, Col 285 Sector CA-A a30-4 6, Col 285 Sector CA-A a30-4 6 a, Col 285 Sector CA-A a30-4 7",HIP 35096,7.538
Col 285 Sector DG-Y a30-2,5,"Contains landable worlds: Col 285 Sector DG-Y a30-2 2, Col 285 Sector DG-Y a30-2 3, Col 285 Sector DG-Y a30-2 4, Col 285 Sector DG-Y a30-2 5, Col 285 Sector DG-Y a30-2 6",Antai,4.023
Col 285 Sector EG-Y a30-0,5,"Contains landable worlds: Col 285 Sector EG-Y a30-0 1, Col 285 Sector EG-Y a30-0 2, Col 285 Sector EG-Y a30-0 4, Col 285 Sector EG-Y a30-0 5",Antai,6.685
Col 285 Sector EG-Y a30-3,5,"Contains landable worlds: Col 285 Sector EG-Y a30-3 1, Col 285 Sector EG-Y a30-3 1 a, Col 285 Sector EG-Y a30-3 2, Col 285 Sector EG-Y a30-3 3, Col 285 Sector EG-Y a30-3 4, Col 285 Sector EG-Y a30-3 5, Col 285 Sector EG-Y a30-3 5 a, Col 285 Sector EG-Y a30-3 6, Col 285 Sector EG-Y a30-3 6 a",Antai,5.187
Col 285 Sector EL-Y a30-3,5,"Contains landable worlds: Col 285 Sector EL-Y a30-3 4, Col 285 Sector EL-Y a30-3 5 a, Col 285 Sector EL-Y a30-3 6 a",HIP 35096,6.086
Col 285 Sector FG-Y a30-2,5,"Contains landable worlds: Col 285 Sector FG-Y a30-2 1, Col 285 Sector FG-Y a30-2 1 a, Col 285 Sector FG-Y a30-2 2 a, Col 285 Sector FG-Y a30-2 4",Wuy jugun,8.893
Col 285 Sector FL-Y a30-1,5,Contains landable worlds: Col 285 Sector FL-Y a30-1 5 a,HIP 35096,4.636
Col 285 Sector FL-Y a30-2,5,"Contains landable worlds: Col 285 Sector FL-Y a30-2 1, Col 285 Sector FL-Y a30-2 3, Col 285 Sector FL-Y a30-2 4, Col 285 Sector FL-Y a30-2 5, Col 285 Sector FL-Y a30-2 7, Col 285 Sector FL-Y a30-2 8",HIP 35096,6.145
Col 285 Sector FM-W a31-2,5,"Contains landable worlds: Col 285 Sector FM-W a31-2 1, Col 285 Sector FM-W a31-2 1 a, Col 285 Sector FM-W a31-2 2, Col 285 Sector FM-W a31-2 3, Col 285 Sector FM-W a31-2 4, Col 285 Sector FM-W a31-2 5, Col 285 Sector FM-W a31-2 6, Col 285 Sector FM-W a31-2 7",Verner,6.132
Col 285 Sector FR-W a31-0,5,"Contains landable worlds: Col 285 Sector FR-W a31-0 1 a, Col 285 Sector FR-W a31-0 2 a",Uhlan,2.92
Col 285 Sector GG-Y a30-1,5,"Contains landable worlds: Col 285 Sector GG-Y a30-1 1, Col 285 Sector GG-Y a30-1 1 a, Col 285 Sector GG-Y a30-1 2, Col 285 Sector GG-Y a30-1 3, Col 285 Sector GG-Y a30-1 4, Col 285 Sector GG-Y a30-1 5, Col 285 Sector GG-Y a30-1 6, Col 285 Sector GG-Y a30-1 7",Wuy jugun,8.935
Col 285 Sector GG-Y a30-2,5,"Contains landable worlds: Col 285 Sector GG-Y a30-2 1, Col 285 Sector GG-Y a30-2 2, Col 285 Sector GG-Y a30-2 3, Col 285 Sector GG-Y a30-2 4, Col 285 Sector GG-Y a30-2 4 a, Col 285 Sector GG-Y a30-2 5, Col 285 Sector GG-Y a30-2 6, Col 285 Sector GG-Y a30-2 7, Col 285 Sector GG-Y a30-2 8",Wuy jugun,9.562
Col 285 Sector GG-Y a30-3,5,"Contains landable worlds: Col 285 Sector GG-Y a30-3 1, Col 285 Sector GG-Y a30-3 1 a, Col 285 Sector GG-Y a30-3 2, Col 285 Sector GG-Y a30-3 3, Col 285 Sector GG-Y a30-3 4, Col 285 Sector GG-Y a30-3 4 a, Col 285 Sector GG-Y a30-3 5, Col 285 Sector GG-Y a30-3 6, Col 285 Sector GG-Y a30-3 6 a, Col 285 Sector GG-Y a30-3 7",HIP 35096,8.387
Col 285 Sector GM-W a31-2,5,"Contains landable worlds: Col 285 Sector GM-W a31-2 1, Col 285 Sector GM-W a31-2 2, Col 285 Sector GM-W a31-2 3, Col 285 Sector GM-W a31-2 4, Col 285 Sector GM-W a31-2 5, Col 285 Sector GM-W a31-2 5 a, Col 285 Sector GM-W a31-2 6, Col 285 Sector GM-W a31-2 8, Col 285 Sector GM-W a31-2 9, Col 285 Sector GM-W a31-2 9 a",Uhlan,7.835
Col 285 Sector GR-W a31-1,5,"Contains landable worlds: Col 285 Sector GR-W a31-1 1, Col 285 Sector GR-W a31-1 2, Col 285 Sector GR-W a31-1 3, Col 285 Sector GR-W a31-1 4, Col 285 Sector GR-W a31-1 5, Col 285 Sector GR-W a31-1 6, Col 285 Sector GR-W a31-1 6 a, Col 285 Sector GR-W a31-1 7, Col 285 Sector GR-W a31-1 7 a",RMK 6,4.604
Col 285 Sector GR-W a31-2,5,"Contains landable worlds: Col 285 Sector GR-W a31-2 1, Col 285 Sector GR-W a31-2 2, Col 285 Sector GR-W a31-2 3, Col 285 Sector GR-W a31-2 3 a, Col 285 Sector GR-W a31-2 4, Col 285 Sector GR-W a31-2 5, Col 285 Sector GR-W a31-2 6, Col 285 Sector GR-W a31-2 7, Col 285 Sector GR-W a31-2 8, Col 285 Sector GR-W a31-2 9, Col 285 Sector GR-W a31-2 10",RMK 6,5.835
Col 285 Sector HM-W a31-1,5,"Contains landable worlds: Col 285 Sector HM-W a31-1 1, Col 285 Sector HM-W a31-1 2, Col 285 Sector HM-W a31-1 3, Col 285 Sector HM-W a31-1 4",Antai,7.197
Col 285 Sector HM-W a31-2,5,"Contains landable worlds: Col 285 Sector HM-W a31-2 1, Col 285 Sector HM-W a31-2 1 a, Col 285 Sector HM-W a31-2 2, Col 285 Sector HM-W a31-2 3, Col 285 Sector HM-W a31-2 4, Col 285 Sector HM-W a31-2 5, Col 285 Sector HM-W a31-2 6, Col 285 Sector HM-W a31-2 7, Col 285 Sector HM-W a31-2 7 a, Col 285 Sector HM-W a31-2 8",Luchu,7.509
Col 285 Sector IM-W a31-1,5,"Contains landable worlds: Col 285 Sector IM-W a31-1 2, Col 285 Sector IM-W a31-1 3, Col 285 Sector IM-W a31-1 4 a, Col 285 Sector IM-W a31-1 5, Col 285 Sector IM-W a31-1 6",Trumuye,4.222
Col 285 Sector IR-W a31-0,5,"Contains landable worlds: Col 285 Sector IR-W a31-0 1, Col 285 Sector IR-W a31-0 3, Col 285 Sector IR-W a31-0 3 a, Col 285 Sector IR-W a31-0 4, Col 285 Sector IR-W a31-0 5, Col 285 Sector IR-W a31-0 6, Col 285 Sector IR-W a31-0 7, Col 285 Sector IR-W a31-0 8 a",Wuy jugun,8.386
Col 285 Sector IS-U a32-2,5,"Contains landable worlds: Col 285 Sector IS-U a32-2 1, Col 285 Sector IS-U a32-2 2, Col 285 Sector IS-U a32-2 3, Col 285 Sector IS-U a32-2 4, Col 285 Sector IS-U a32-2 5",Ninhursag,6.051
Col 285 Sector IS-U a32-4,5,"Contains landable worlds: Col 285 Sector IS-U a32-4 2, Col 285 Sector IS-U a32-4 3, Col 285 Sector IS-U a32-4 3 a, Col 285 Sector IS-U a32-4 4, Col 285 Sector IS-U a32-4 7",Ninhursag,4.132
Col 285 Sector JM-W a31-0,5,"Contains landable worlds: Col 285 Sector JM-W a31-0 1, Col 285 Sector JM-W a31-0 2, Col 285 Sector JM-W a31-0 4 a",LTT 2684,3.377
Col 285 Sector JM-W a31-1,5,"Contains landable worlds: Col 285 Sector JM-W a31-1 1, Col 285 Sector JM-W a31-1 2, Col 285 Sector JM-W a31-1 3, Col 285 Sector JM-W a31-1 3 a, Col 285 Sector JM-W a31-1 4, Col 285 Sector JM-W a31-1 5, Col 285 Sector JM-W a31-1 6, Col 285 Sector JM-W a31-1 7",Arun,4.35
Col 285 Sector JM-W a31-2,5,"Contains landable worlds: Col 285 Sector JM-W a31-2 1 a, Col 285 Sector JM-W a31-2 2, Col 285 Sector JM-W a31-2 3, Col 285 Sector JM-W a31-2 4",Arun,2.588
Col 285 Sector JM-W a31-4,5,"Contains landable worlds: Col 285 Sector JM-W a31-4 1, Col 285 Sector JM-W a31-4 2, Col 285 Sector JM-W a31-4 3, Col 285 Sector JM-W a31-4 4, Col 285 Sector JM-W a31-4 5",LTT 2684,6.217
Col 285 Sector JM-W a31-5,5,"Contains landable worlds: Col 285 Sector JM-W a31-5 2, Col 285 Sector JM-W a31-5 3, Col 285 Sector JM-W a31-5 4, Col 285 Sector JM-W a31-5 5, Col 285 Sector JM-W a31-5 5 a",LTT 2684,5.875
Col 285 Sector JX-U a32-0,5,"Contains landable worlds: Col 285 Sector JX-U a32-0 1, Col 285 Sector JX-U a32-0 2 a, Col 285 Sector JX-U a32-0 3 a",Arannos,8.457
Col 285 Sector JX-U a32-3,5,"Contains landable worlds: Col 285 Sector JX-U a32-3 7, Col 285 Sector JX-U a32-3 9",Dyr,7.38
Col 285 Sector KM-W a31-3,5,"Contains landable worlds: Col 285 Sector KM-W a31-3 1, Col 285 Sector KM-W a31-3 2, Col 285 Sector KM-W a31-3 3, Col 285 Sector KM-W a31-3 4, Col 285 Sector KM-W a31-3 5, Col 285 Sector KM-W a31-3 6, Col 285 Sector KM-W a31-3 6 a, Col 285 Sector KM-W a31-3 7, Col 285 Sector KM-W a31-3 7 a",Wuy jugun,3.772
Col 285 Sector KM-W a31-4,5,"Contains landable worlds: Col 285 Sector KM-W a31-4 1, Col 285 Sector KM-W a31-4 2, Col 285 Sector KM-W a31-4 3, Col 285 Sector KM-W a31-4 4, Col 285 Sector KM-W a31-4 4 a, Col 285 Sector KM-W a31-4 5, Col 285 Sector KM-W a31-4 6, Col 285 Sector KM-W a31-4 7",Wuy jugun,5.141
Col 285 Sector KM-W a31-6,5,"Contains landable worlds: Col 285 Sector KM-W a31-6 1, Col 285 Sector KM-W a31-6 2, Col 285 Sector KM-W a31-6 2 a, Col 285 Sector KM-W a31-6 3, Col 285 Sector KM-W a31-6 3 a, Col 285 Sector KM-W a31-6 4, Col 285 Sector KM-W a31-6 5, Col 285 Sector KM-W a31-6 6, Col 285 Sector KM-W a31-6 7, Col 285 Sector KM-W a31-6 8 a",Wuy jugun,2.677
Col 285 Sector KS-U a32-0,5,"Contains landable worlds: Col 285 Sector KS-U a32-0 1 a, Col 285 Sector KS-U a32-0 2 a, Col 285 Sector KS-U a32-0 3 a",LPM 229,1.589
Col 285 Sector KS-U a32-2,5,"Contains landable worlds: Col 285 Sector KS-U a32-2 1, Col 285 Sector KS-U a32-2 2, Col 285 Sector KS-U a32-2 3, Col 285 Sector KS-U a32-2 4, Col 285 Sector KS-U a32-2 4 a, Col 285 Sector KS-U a32-2 5, Col 285 Sector KS-U a32-2 5 a, Col 285 Sector KS-U a32-2 6, Col 285 Sector KS-U a32-2 7, Col 285 Sector KS-U a32-2 8",Gyvata Indi,5.163
Col 285 Sector KX-U a32-0,5,"Contains landable worlds: Col 285 Sector KX-U a32-0 1, Col 285 Sector KX-U a32-0 2, Col 285 Sector KX-U a32-0 3 a, Col 285 Sector KX-U a32-0 4 a, Col 285 Sector KX-U a32-0 5",Arannos,8.251
Col 285 Sector KX-U a32-2,5,"Contains landable worlds: Col 285 Sector KX-U a32-2 1, Col 285 Sector KX-U a32-2 2, Col 285 Sector KX-U a32-2 3, Col 285 Sector KX-U a32-2 4, Col 285 Sector KX-U a32-2 5, Col 285 Sector KX-U a32-2 6, Col 285 Sector KX-U a32-2 7",Arannos,8.413
Col 285 Sector KX-U a32-3,5,"Contains landable worlds: Col 285 Sector KX-U a32-3 1, Col 285 Sector KX-U a32-3 2, Col 285 Sector KX-U a32-3 3, Col 285 Sector KX-U a32-3 4, Col 285 Sector KX-U a32-3 5, Col 285 Sector KX-U a32-3 6, Col 285 Sector KX-U a32-3 7, Col 285 Sector KX-U a32-3 8, Col 285 Sector KX-U a32-3 8 a",Arannos,7.783
Col 285 Sector LM-W a31-4,5,"Contains landable worlds: Col 285 Sector LM-W a31-4 1, Col 285 Sector LM-W a31-4 2, Col 285 Sector LM-W a31-4 3, Col 285 Sector LM-W a31-4 4, Col 285 Sector LM-W a31-4 5 a, Col 285 Sector LM-W a31-4 6 a, Col 285 Sector LM-W a31-4 7, Col 285 Sector LM-W a31-4 9",Gally Bese,8.878
Col 285 Sector LX-U a32-1,5,"Contains landable worlds: Col 285 Sector LX-U a32-1 1, Col 285 Sector LX-U a32-1 2, Col 285 Sector LX-U a32-1 3, Col 285 Sector LX-U a32-1 4, Col 285 Sector LX-U a32-1 5, Col 285 Sector LX-U a32-1 6, Col 285 Sector LX-U a32-1 7",Arannos,9.89
Col 285 Sector MS-U a32-2,5,"Contains landable worlds: Col 285 Sector MS-U a32-2 1, Col 285 Sector MS-U a32-2 1 a, Col 285 Sector MS-U a32-2 2, Col 285 Sector MS-U a32-2 2 a",Trumuye,9.097
Col 285 Sector MS-U a32-3,5,"Contains landable worlds: Col 285 Sector MS-U a32-3 1, Col 285 Sector MS-U a32-3 2, Col 285 Sector MS-U a32-3 2 a, Col 285 Sector MS-U a32-3 3, Col 285 Sector MS-U a32-3 4, Col 285 Sector MS-U a32-3 5, Col 285 Sector MS-U a32-3 6, Col 285 Sector MS-U a32-3 7",Trumuye,9.727
Col 285 Sector NS-U a32-0,5,"Contains landable worlds: Col 285 Sector NS-U a32-0 1, Col 285 Sector NS-U a32-0 2, Col 285 Sector NS-U a32-0 3, Col 285 Sector NS-U a32-0 4, Col 285 Sector NS-U a32-0 5, Col 285 Sector NS-U a32-0 6, Col 285 Sector NS-U a32-0 7, Col 285 Sector NS-U a32-0 8, Col 285 Sector NS-U a32-0 9, Col 285 Sector NS-U a32-0 10",LTT 2684,4.07
Col 285 Sector NS-U a32-2,5,"Contains landable worlds: Col 285 Sector NS-U a32-2 1, Col 285 Sector NS-U a32-2 2, Col 285 Sector NS-U a32-2 3, Col 285 Sector NS-U a32-2 3 a, Col 285 Sector NS-U a32-2 4, Col 285 Sector NS-U a32-2 5, Col 285 Sector NS-U a32-2 6, Col 285 Sector NS-U a32-2 6 a, Col 285 Sector NS-U a32-2 7, Col 285 Sector NS-U a32-2 8, Col 285 Sector NS-U a32-2 9",LTT 2684,9.481
Col 285 Sector OS-U a32-1,5,"Contains landable worlds: Col 285 Sector OS-U a32-1 1 a, Col 285 Sector OS-U a32-1 2, Col 285 Sector OS-U a32-1 4",Gally Bese,9.135
Col 285 Sector PS-U a32-0,5,"Contains landable worlds: Col 285 Sector PS-U a32-0 1, Col 285 Sector PS-U a32-0 2, Col 285 Sector PS-U a32-0 3, Col 285 Sector PS-U a32-0 4, Col 285 Sector PS-U a32-0 5, Col 285 Sector PS-U a32-0 6, Col 285 Sector PS-U a32-0 6 a, Col 285 Sector PS-U a32-0 7, Col 285 Sector PS-U a32-0 8, Col 285 Sector PS-U a32-0 9",Gally Bese,5.243
Col 285 Sector PS-U a32-1,5,Contains ringed worlds: Col 285 Sector PS-U a32-1 5,Gally Bese,6.791
Col 285 Sector PS-U a32-3,5,"Contains landable worlds: Col 285 Sector PS-U a32-3 1 a, Col 285 Sector PS-U a32-3 2, Col 285 Sector PS-U a32-3 4, Col 285 Sector PS-U a32-3 5, Col 285 Sector PS-U a32-3 5 a, Col 285 Sector PS-U a32-3 7",Gally Bese,6.534
Col 285 Sector PY-S a33-0,5,"Contains landable worlds: Col 285 Sector PY-S a33-0 1, Col 285 Sector PY-S a33-0 2, Col 285 Sector PY-S a33-0 2 a, Col 285 Sector PY-S a33-0 3, Col 285 Sector PY-S a33-0 4, Col 285 Sector PY-S a33-0 5, Col 285 Sector PY-S a33-0 6, Col 285 Sector PY-S a33-0 7, Col 285 Sector PY-S a33-0 8",LHS 1832,6.901
Col 285 Sector QS-U a32-0,5,"Contains landable worlds: Col 285 Sector QS-U a32-0 1, Col 285 Sector QS-U a32-0 2, Col 285 Sector QS-U a32-0 3, Col 285 Sector QS-U a32-0 3 a, Col 285 Sector QS-U a32-0 4, Col 285 Sector QS-U a32-0 4 a, Col 285 Sector QS-U a32-0 5",Gally Bese,8.906
Col 285 Sector QS-U a32-1,5,"Contains landable worlds: Col 285 Sector QS-U a32-1 1, Col 285 Sector QS-U a32-1 2, Col 285 Sector QS-U a32-1 2 a, Col 285 Sector QS-U a32-1 3, Col 285 Sector QS-U a32-1 4, Col 285 Sector QS-U a32-1 5, Col 285 Sector QS-U a32-1 6, Col 285 Sector QS-U a32-1 7, Col 285 Sector QS-U a32-1 8, Col 285 Sector QS-U a32-1 8 a",Gally Bese,9.283
Col 285 Sector QS-U a32-2,5,"Contains landable worlds: Col 285 Sector QS-U a32-2 1, Col 285 Sector QS-U a32-2 2, Col 285 Sector QS-U a32-2 2 a, Col 285 Sector QS-U a32-2 3, Col 285 Sector QS-U a32-2 4, Col 285 Sector QS-U a32-2 5, Col 285 Sector QS-U a32-2 6, Col 285 Sector QS-U a32-2 6 a, Col 285 Sector QS-U a32-2 7",Gally Bese,9.432
Col 285 Sector QY-S a33-0,5,Contains landable worlds: Col 285 Sector QY-S a33-0 5 a,Groanomana,9.198
Col 285 Sector QY-S a33-2,5,"Contains landable worlds: Col 285 Sector QY-S a33-2 1, Col 285 Sector QY-S a33-2 2, Col 285 Sector QY-S a33-2 3, Col 285 Sector QY-S a33-2 4, Col 285 Sector QY-S a33-2 5, Col 285 Sector QY-S a33-2 6, Col 285 Sector QY-S a33-2 7, Col 285 Sector QY-S a33-2 8, Col 285 Sector QY-S a33-2 9",Groanomana,8.678
Col 285 Sector RY-S a33-2,5,"Contains landable worlds: Col 285 Sector RY-S a33-2 1, Col 285 Sector RY-S a33-2 2, Col 285 Sector RY-S a33-2 3, Col 285 Sector RY-S a33-2 4, Col 285 Sector RY-S a33-2 5, Col 285 Sector RY-S a33-2 6, Col 285 Sector RY-S a33-2 7, Col 285 Sector RY-S a33-2 8",Groanomana,8.212
Col 285 Sector RY-S a33-3,5,"Contains landable worlds: Col 285 Sector RY-S a33-3 1, Col 285 Sector RY-S a33-3 2, Col 285 Sector RY-S a33-3 3, Col 285 Sector RY-S a33-3 4, Col 285 Sector RY-S a33-3 4 a, Col 285 Sector RY-S a33-3 5",Groanomana,7.406
Col 285 Sector TD-Y b15-5,5,"Contains landable worlds: Col 285 Sector TD-Y b15-5 4, Col 285 Sector TD-Y b15-5 5, Col 285 Sector TD-Y b15-5 6, Col 285 Sector TD-Y b15-5 7, Col 285 Sector TD-Y b15-5 8, Col 285 Sector TD-Y b15-5 9",Langjela,4.26
Col 285 Sector WJ-W b16-7,5,"Contains landable worlds: Col 285 Sector WJ-W b16-7 1, Col 285 Sector WJ-W b16-7 3, Col 285 Sector WJ-W b16-7 5, Col 285 Sector WJ-W b16-7 6, Col 285 Sector WJ-W b16-7 7, Col 285 Sector WJ-W b16-7 7 a, Col 285 Sector WJ-W b16-7 8",Arun,7.349
Col 285 Sector XJ-W b16-10,5,"Contains landable worlds: Col 285 Sector XJ-W b16-10 1, Col 285 Sector XJ-W b16-10 2, Col 285 Sector XJ-W b16-10 3, Col 285 Sector XJ-W b16-10 4, Col 285 Sector XJ-W b16-10 5, Col 285 Sector XJ-W b16-10 6, Col 285 Sector XJ-W b16-10 7, Col 285 Sector XJ-W b16-10 8, Col 285 Sector XJ-W b16-10 9",Gally Bese,9.751
Col 285 Sector XJ-W b16-2,5,"Contains landable worlds: Col 285 Sector XJ-W b16-2 2, Col 285 Sector XJ-W b16-2 3, Col 285 Sector XJ-W b16-2 4, Col 285 Sector XJ-W b16-2 5, Col 285 Sector XJ-W b16-2 5 a",Naualam,9.582
Col 285 Sector XJ-W b16-3,5,"Contains landable worlds: Col 285 Sector XJ-W b16-3 1, Col 285 Sector XJ-W b16-3 2, Col 285 Sector XJ-W b16-3 3, Col 285 Sector XJ-W b16-3 4, Col 285 Sector XJ-W b16-3 5, Col 285 Sector XJ-W b16-3 6",Naualam,8.232
Col 285 Sector ZE-W b16-1,5,"Contains landable worlds: Col 285 Sector ZE-W b16-1 3 a, Col 285 Sector ZE-W b16-1 4 a, Col 285 Sector ZE-W b16-1 6 a, Col 285 Sector ZE-W b16-1 8 a",Bikokujungu,9.093
Crucis Sector HW-W b1-7,5,"Contains landable worlds: Crucis Sector HW-W b1-7 3, Crucis Sector HW-W b1-7 5, Crucis Sector HW-W b1-7 6, Crucis Sector HW-W b1-7 7",Maka,5.495
Crucis Sector IW-W b1-2,5,Contains landable worlds: Crucis Sector IW-W b1-2 6 a,LP 98-62,8.598
Crucis Sector IW-W b1-4,5,"Contains landable worlds: Crucis Sector IW-W b1-4 1, Crucis Sector IW-W b1-4 1 a, Crucis Sector IW-W b1-4 3, Crucis Sector IW-W b1-4 3 a, Crucis Sector IW-W b1-4 4, Crucis Sector IW-W b1-4 5, Crucis Sector IW-W b1-4 6, Crucis Sector IW-W b1-4 7, Crucis Sector IW-W b1-4 8",LP 98-62,8.409
Crucis Sector IW-W b1-6,5,"Contains landable worlds: Crucis Sector IW-W b1-6 1 a, Crucis Sector IW-W b1-6 5 a",LP 98-62,8.478
Crucis Sector LW-W a1-2,5,"Contains landable worlds: Crucis Sector LW-W a1-2 1, Crucis Sector LW-W a1-2 3, Crucis Sector LW-W a1-2 3 a, Crucis Sector LW-W a1-2 4, Crucis Sector LW-W a1-2 5, Crucis Sector LW-W a1-2 6",Arannos,9.659
Crucis Sector MC-V a2-0,5,Contains landable worlds: Crucis Sector MC-V a2-0 3 a,Bhada,4.524
Crucis Sector MC-V a2-2,5,"Contains landable worlds: Crucis Sector MC-V a2-2 1, Crucis Sector MC-V a2-2 2, Crucis Sector MC-V a2-2 2 a, Crucis Sector MC-V a2-2 3, Crucis Sector MC-V a2-2 4, Crucis Sector MC-V a2-2 5, Crucis Sector MC-V a2-2 6",Bhada,5.672
Crucis Sector NC-V a2-0,5,"Contains landable worlds: Crucis Sector NC-V a2-0 2, Crucis Sector NC-V a2-0 3, Crucis Sector NC-V a2-0 4, Crucis Sector NC-V a2-0 4 a",Bhada,3.489
Crucis Sector NC-V a2-2,5,"Contains landable worlds: Crucis Sector NC-V a2-2 1, Crucis Sector NC-V a2-2 2, Crucis Sector NC-V a2-2 3, Crucis Sector NC-V a2-2 4",LHS 1852,4.675
Crucis Sector OC-V a2-1,5,"Contains landable worlds: Crucis Sector OC-V a2-1 1 a, Crucis Sector OC-V a2-1 3, Crucis Sector OC-V a2-1 4, Crucis Sector OC-V a2-1 5, Crucis Sector OC-V a2-1 6",Briganu,8.509
Crucis Sector OC-V a2-2,5,"Contains landable worlds: Crucis Sector OC-V a2-2 1, Crucis Sector OC-V a2-2 2, Crucis Sector OC-V a2-2 2 a, Crucis Sector OC-V a2-2 3, Crucis Sector OC-V a2-2 4, Crucis Sector OC-V a2-2 5 a",Gyvata Indi,8.802
Crucis Sector PC-V a2-2,5,"Contains landable worlds: Crucis Sector PC-V a2-2 3, Crucis Sector PC-V a2-2 4, Crucis Sector PC-V a2-2 5",Arannos,8.484
Crucis Sector PX-U a2-0,5,"Contains landable worlds: Crucis Sector PX-U a2-0 2 a, Crucis Sector PX-U a2-0 4 a",Bhada,4.386
Crucis Sector PX-U a2-2,5,"Contains landable worlds: Crucis Sector PX-U a2-2 2, Crucis Sector PX-U a2-2 3 a, Crucis Sector PX-U a2-2 4 a, Crucis Sector PX-U a2-2 5",LHS 1852,4.281
Crucis Sector QC-V a2-5,5,"Contains landable worlds: Crucis Sector QC-V a2-5 1, Crucis Sector QC-V a2-5 1 a, Crucis Sector QC-V a2-5 2 a, Crucis Sector QC-V a2-5 3, Crucis Sector QC-V a2-5 4, Crucis Sector QC-V a2-5 4 a, Crucis Sector QC-V a2-5 6, Crucis Sector QC-V a2-5 7",Arannos,8.695
Crucis Sector QX-U a2-3,5,"Contains landable worlds: Crucis Sector QX-U a2-3 4 a, Crucis Sector QX-U a2-3 5",Gyvata Indi,2.303
Crucis Sector RI-T a3-0,5,"Contains landable worlds: Crucis Sector RI-T a3-0 1, Crucis Sector RI-T a3-0 1 a, Crucis Sector RI-T a3-0 2, Crucis Sector RI-T a3-0 3, Crucis Sector RI-T a3-0 4, Crucis Sector RI-T a3-0 4 a, Crucis Sector RI-T a3-0 5, Crucis Sector RI-T a3-0 6",LHS 1852,4.061
Crucis Sector RI-T a3-1,5,"Contains landable worlds: Crucis Sector RI-T a3-1 1 a, Crucis Sector RI-T a3-1 3, Crucis Sector RI-T a3-1 4, Crucis Sector RI-T a3-1 5, Crucis Sector RI-T a3-1 6, Crucis Sector RI-T a3-1 7, Crucis Sector RI-T a3-1 9, Crucis Sector RI-T a3-1 10, Crucis Sector RI-T a3-1 13",LHS 1852,6.245
Crucis Sector RI-T a3-2,5,"Contains landable worlds: Crucis Sector RI-T a3-2 1, Crucis Sector RI-T a3-2 2, Crucis Sector RI-T a3-2 3, Crucis Sector RI-T a3-2 3 a, Crucis Sector RI-T a3-2 4, Crucis Sector RI-T a3-2 4 a, Crucis Sector RI-T a3-2 5, Crucis Sector RI-T a3-2 6",LHS 1852,6.365
Crucis Sector RX-U a2-3,5,"Contains landable worlds: Crucis Sector RX-U a2-3 1, Crucis Sector RX-U a2-3 2, Crucis Sector RX-U a2-3 3, Crucis Sector RX-U a2-3 4, Crucis Sector RX-U a2-3 5, Crucis Sector RX-U a2-3 6, Crucis Sector RX-U a2-3 6 a, Crucis Sector RX-U a2-3 7, Crucis Sector RX-U a2-3 8, Crucis Sector RX-U a2-3 9, Crucis Sector RX-U a2-3 10, Crucis Sector RX-U a2-3 11",Briganu,7.404
Crucis Sector SD-T a3-4,5,"Contains landable worlds: Crucis Sector SD-T a3-4 1, Crucis Sector SD-T a3-4 3, Crucis Sector SD-T a3-4 4, Crucis Sector SD-T a3-4 5, Crucis Sector SD-T a3-4 6 a",Gcirithang,6.677
Crucis Sector SD-T a3-5,5,"Contains landable worlds: Crucis Sector SD-T a3-5 1, Crucis Sector SD-T a3-5 2, Crucis Sector SD-T a3-5 3, Crucis Sector SD-T a3-5 4, Crucis Sector SD-T a3-5 5, Crucis Sector SD-T a3-5 6",Gcirithang,7.577
Crucis Sector TD-T a3-0,5,"Contains landable worlds: Crucis Sector TD-T a3-0 1, Crucis Sector TD-T a3-0 2, Crucis Sector TD-T a3-0 3, Crucis Sector TD-T a3-0 4, Crucis Sector TD-T a3-0 5, Crucis Sector TD-T a3-0 6, Crucis Sector TD-T a3-0 7, Crucis Sector TD-T a3-0 8",Velabri,6.535
Crucis Sector TD-T a3-4,5,"Contains landable worlds: Crucis Sector TD-T a3-4 2, Crucis Sector TD-T a3-4 3, Crucis Sector TD-T a3-4 5, Crucis Sector TD-T a3-4 6, Crucis Sector TD-T a3-4 7, Crucis Sector TD-T a3-4 8, Crucis Sector TD-T a3-4 9",Velabri,7.034
Crucis Sector TI-T a3-0,5,"Contains landable worlds: Crucis Sector TI-T a3-0 1 a, Crucis Sector TI-T a3-0 4 a",Briganu,2.984
Crucis Sector TI-T a3-2,5,"Contains landable worlds: Crucis Sector TI-T a3-2 1, Crucis Sector TI-T a3-2 2, Crucis Sector TI-T a3-2 3, Crucis Sector TI-T a3-2 3 a, Crucis Sector TI-T a3-2 4, Crucis Sector TI-T a3-2 4 a, Crucis Sector TI-T a3-2 5",Briganu,3.124
Crucis Sector UD-T a3-0,5,"Contains landable worlds: Crucis Sector UD-T a3-0 1, Crucis Sector UD-T a3-0 2, Crucis Sector UD-T a3-0 3, Crucis Sector UD-T a3-0 4, Crucis Sector UD-T a3-0 5, Crucis Sector UD-T a3-0 6",Raurugba,6.922
Crucis Sector UD-T a3-3,5,"Contains landable worlds: Crucis Sector UD-T a3-3 1, Crucis Sector UD-T a3-3 2, Crucis Sector UD-T a3-3 3, Crucis Sector UD-T a3-3 4, Crucis Sector UD-T a3-3 5, Crucis Sector UD-T a3-3 6, Crucis Sector UD-T a3-3 7, Crucis Sector UD-T a3-3 7 a, Crucis Sector UD-T a3-3 8",Gyvata Indi,8.964
Crucis Sector UD-T a3-4,5,"Contains landable worlds: Crucis Sector UD-T a3-4 1, Crucis Sector UD-T a3-4 2, Crucis Sector UD-T a3-4 3, Crucis Sector UD-T a3-4 4, Crucis Sector UD-T a3-4 4 a, Crucis Sector UD-T a3-4 5, Crucis Sector UD-T a3-4 6",Raurugba,7.107
Crucis Sector UI-T a3-1,5,"Contains landable worlds: Crucis Sector UI-T a3-1 1, Crucis Sector UI-T a3-1 2, Crucis Sector UI-T a3-1 3, Crucis Sector UI-T a3-1 4, Crucis Sector UI-T a3-1 5, Crucis Sector UI-T a3-1 6 a, Crucis Sector UI-T a3-1 7 a, Crucis Sector UI-T a3-1 8 a",LP 98-62,9.189
Crucis Sector UO-R a4-1,5,"Contains landable worlds: Crucis Sector UO-R a4-1 1, Crucis Sector UO-R a4-1 2, Crucis Sector UO-R a4-1 3, Crucis Sector UO-R a4-1 4, Crucis Sector UO-R a4-1 5, Crucis Sector UO-R a4-1 5 a, Crucis Sector UO-R a4-1 6",Gcirithang,9.728
Crucis Sector VD-T a3-1,5,"Contains landable worlds: Crucis Sector VD-T a3-1 1, Crucis Sector VD-T a3-1 1 a, Crucis Sector VD-T a3-1 2, Crucis Sector VD-T a3-1 3, Crucis Sector VD-T a3-1 4, Crucis Sector VD-T a3-1 5",Briganu,5.363
Crucis Sector VD-T a3-2,5,"Contains landable worlds: Crucis Sector VD-T a3-2 1, Crucis Sector VD-T a3-2 2, Crucis Sector VD-T a3-2 2 a, Crucis Sector VD-T a3-2 3, Crucis Sector VD-T a3-2 4, Crucis Sector VD-T a3-2 5, Crucis Sector VD-T a3-2 5 a, Crucis Sector VD-T a3-2 6, Crucis Sector VD-T a3-2 6 a",Briganu,5.668
Crucis Sector WJ-R a4-3,5,"Contains landable worlds: Crucis Sector WJ-R a4-3 1, Crucis Sector WJ-R a4-3 2, Crucis Sector WJ-R a4-3 3, Crucis Sector WJ-R a4-3 4, Crucis Sector WJ-R a4-3 4 a, Crucis Sector WJ-R a4-3 5, Crucis Sector WJ-R a4-3 6, Crucis Sector WJ-R a4-3 6 a, Crucis Sector WJ-R a4-3 7, Crucis Sector WJ-R a4-3 7 a, Crucis Sector WJ-R a4-3 8, Crucis Sector WJ-R a4-3 8 a",Velabri,9.785
Crucis Sector WO-R a4-5,5,"Contains landable worlds: Crucis Sector WO-R a4-5 1, Crucis Sector WO-R a4-5 2, Crucis Sector WO-R a4-5 3, Crucis Sector WO-R a4-5 4, Crucis Sector WO-R a4-5 5",Maka,9.494
Crucis Sector XJ-R a4-0,5,"Contains landable worlds: Crucis Sector XJ-R a4-0 1, Crucis Sector XJ-R a4-0 1 a, Crucis Sector XJ-R a4-0 2, Crucis Sector XJ-R a4-0 2 a, Crucis Sector XJ-R a4-0 3, Crucis Sector XJ-R a4-0 4 a, Crucis Sector XJ-R a4-0 5, Crucis Sector XJ-R a4-0 5 a, Crucis Sector XJ-R a4-0 6, Crucis Sector XJ-R a4-0 6 a",Velabri,7.885
Crucis Sector XO-R a4-3,5,"Contains landable worlds: Crucis Sector XO-R a4-3 1, Crucis Sector XO-R a4-3 2, Crucis Sector XO-R a4-3 2 a, Crucis Sector XO-R a4-3 3, Crucis Sector XO-R a4-3 4, Crucis Sector XO-R a4-3 5",LP 98-62,9.718
Crucis Sector XO-R a4-4,5,"Contains landable worlds: Crucis Sector XO-R a4-4 1, Crucis Sector XO-R a4-4 2, Crucis Sector XO-R a4-4 3, Crucis Sector XO-R a4-4 4, Crucis Sector XO-R a4-4 5, Crucis Sector XO-R a4-4 6, Crucis Sector XO-R a4-4 7",LP 98-62,6.992
Crucis Sector XO-R a4-5,5,"Contains landable worlds: Crucis Sector XO-R a4-5 1, Crucis Sector XO-R a4-5 2, Crucis Sector XO-R a4-5 3, Crucis Sector XO-R a4-5 4, Crucis Sector XO-R a4-5 4 a, Crucis Sector XO-R a4-5 5, Crucis Sector XO-R a4-5 6, Crucis Sector XO-R a4-5 7",Maka,7.703
Crucis Sector YJ-R a4-0,5,"Contains landable worlds: Crucis Sector YJ-R a4-0 1, Crucis Sector YJ-R a4-0 2, Crucis Sector YJ-R a4-0 2 a, Crucis Sector YJ-R a4-0 3, Crucis Sector YJ-R a4-0 4, Crucis Sector YJ-R a4-0 5, Crucis Sector YJ-R a4-0 6, Crucis Sector YJ-R a4-0 7, Crucis Sector YJ-R a4-0 8",Raurugba,5.796
Crucis Sector YJ-R a4-1,5,"Contains landable worlds: Crucis Sector YJ-R a4-1 2, Crucis Sector YJ-R a4-1 3, Crucis Sector YJ-R a4-1 4, Crucis Sector YJ-R a4-1 5, Crucis Sector YJ-R a4-1 6, Crucis Sector YJ-R a4-1 7",Raurugba,8.206
Crucis Sector YJ-R a4-2,5,"Contains landable worlds: Crucis Sector YJ-R a4-2 1, Crucis Sector YJ-R a4-2 2, Crucis Sector YJ-R a4-2 3, Crucis Sector YJ-R a4-2 4, Crucis Sector YJ-R a4-2 5, Crucis Sector YJ-R a4-2 6, Crucis Sector YJ-R a4-2 6 a, Crucis Sector YJ-R a4-2 7, Crucis Sector YJ-R a4-2 7 a",Raurugba,6.381
Crucis Sector YO-R a4-1,5,"Contains landable worlds: Crucis Sector YO-R a4-1 2, Crucis Sector YO-R a4-1 4, Crucis Sector YO-R a4-1 6",LP 98-62,9.209
Crucis Sector ZJ-R a4-1,5,"Contains landable worlds: Crucis Sector ZJ-R a4-1 1, Crucis Sector ZJ-R a4-1 2, Crucis Sector ZJ-R a4-1 3, Crucis Sector ZJ-R a4-1 4, Crucis Sector ZJ-R a4-1 5, Crucis Sector ZJ-R a4-1 6, Crucis Sector ZJ-R a4-1 7, Crucis Sector ZJ-R a4-1 8, Crucis Sector ZJ-R a4-1 9",HR 2283,9.086
Hyades Sector KZ-K a23-2,5,"Contains landable worlds: Hyades Sector KZ-K a23-2 4, Hyades Sector KZ-K a23-2 6 a",Triton,9.984
Hyades Sector LZ-K a23-1,5,"Contains landable worlds: Hyades Sector LZ-K a23-1 1, Hyades Sector LZ-K a23-1 2, Hyades Sector LZ-K a23-1 2 a, Hyades Sector LZ-K a23-1 3, Hyades Sector LZ-K a23-1 4, Hyades Sector LZ-K a23-1 4 a, Hyades Sector LZ-K a23-1 5, Hyades Sector LZ-K a23-1 6, Hyades Sector LZ-K a23-1 7, Hyades Sector LZ-K a23-1 7 a, Hyades Sector LZ-K a23-1 8, Hyades Sector LZ-K a23-1 8 a, Hyades Sector LZ-K a23-1 9, Hyades Sector LZ-K a23-1 10",Triton,7.128
Hyades Sector MZ-K a23-2,5,"Contains landable worlds: Hyades Sector MZ-K a23-2 1, Hyades Sector MZ-K a23-2 2, Hyades Sector MZ-K a23-2 3, Hyades Sector MZ-K a23-2 4 a",Bok,9.659
Hyades Sector MZ-K a23-3,5,"Contains landable worlds: Hyades Sector MZ-K a23-3 1, Hyades Sector MZ-K a23-3 2 a, Hyades Sector MZ-K a23-3 3, Hyades Sector MZ-K a23-3 4, Hyades Sector MZ-K a23-3 5, Hyades Sector MZ-K a23-3 6, Hyades Sector MZ-K a23-3 8 a",Bok,7.194
Hyades Sector PF-J a24-1,5,"Contains landable worlds: Hyades Sector PF-J a24-1 2, Hyades Sector PF-J a24-1 3, Hyades Sector PF-J a24-1 4",Lethe,4.1
Hyades Sector QF-J a24-1,5,Contains landable worlds: Hyades Sector QF-J a24-1 2 a,Gullapites,7.165
Hyades Sector QF-J a24-3,5,"Contains landable worlds: Hyades Sector QF-J a24-3 1, Hyades Sector QF-J a24-3 2, Hyades Sector QF-J a24-3 3, Hyades Sector QF-J a24-3 3 a, Hyades Sector QF-J a24-3 4, Hyades Sector QF-J a24-3 4 a, Hyades Sector QF-J a24-3 5, Hyades Sector QF-J a24-3 6, Hyades Sector QF-J a24-3 7",Bok,4.949
Hyades Sector TE-G b11-5,5,"Contains landable worlds: Hyades Sector TE-G b11-5 2, Hyades Sector TE-G b11-5 3, Hyades Sector TE-G b11-5 4, Hyades Sector TE-G b11-5 5, Hyades Sector TE-G b11-5 6, Hyades Sector TE-G b11-5 6 a, Hyades Sector TE-G b11-5 7, Hyades Sector TE-G b11-5 7 a",Gullapites,8.822
Hyades Sector TL-H a25-0,5,"Contains landable worlds: Hyades Sector TL-H a25-0 2, Hyades Sector TL-H a25-0 4, Hyades Sector TL-H a25-0 5, Hyades Sector TL-H a25-0 6, Hyades Sector TL-H a25-0 7, Hyades Sector TL-H a25-0 8 a, Hyades Sector TL-H a25-0 11 a, Hyades Sector TL-H a25-0 11 b, Hyades Sector TL-H a25-0 11 c",Lethe,4.483
Hyades Sector UE-G b11-3,5,"Contains landable worlds: Hyades Sector UE-G b11-3 7, Hyades Sector UE-G b11-3 8 a, Hyades Sector UE-G b11-3 9",Coni,7.84
ICZ AV-X b1-2,5,"Contains landable worlds: ICZ AV-X b1-2 3, ICZ AV-X b1-2 4, ICZ AV-X b1-2 5, ICZ AV-X b1-2 6 a",Ac Yariu,4.921
ICZ AV-X b1-4,5,"Contains landable worlds: ICZ AV-X b1-4 4, ICZ AV-X b1-4 5 a, ICZ AV-X b1-4 9 a",Dievat,6.073
ICZ BV-X b1-2,5,"Contains landable worlds: ICZ BV-X b1-2 1, ICZ BV-X b1-2 4, ICZ BV-X b1-2 5, ICZ BV-X b1-2 6",LHS 199,8.856
ICZ BV-X b1-3,5,"Contains landable worlds: ICZ BV-X b1-3 4, ICZ BV-X b1-3 5, ICZ BV-X b1-3 6, ICZ BV-X b1-3 7, ICZ BV-X b1-3 7 a, ICZ BV-X b1-3 8, ICZ BV-X b1-3 9",Naunei,8.307
ICZ BV-X b1-5,5,"Contains landable worlds: ICZ BV-X b1-5 3, ICZ BV-X b1-5 6, ICZ BV-X b1-5 8, ICZ BV-X b1-5 9",Naunei,8.009
ICZ BV-X b1-6,5,"Contains landable worlds: ICZ BV-X b1-6 3, ICZ BV-X b1-6 4, ICZ BV-X b1-6 4 a, ICZ BV-X b1-6 5, ICZ BV-X b1-6 6, ICZ BV-X b1-6 7",Marya Wang,9.001
ICZ XO-Z b2,5,"Contains landable worlds: ICZ XO-Z b2 5, ICZ XO-Z b2 6, ICZ XO-Z b2 7, ICZ XO-Z b2 8, ICZ XO-Z b2 9",HIP 26067,7.092
ICZ XO-Z b3,5,"Contains landable worlds: ICZ XO-Z b3 2, ICZ XO-Z b3 3, ICZ XO-Z b3 4, ICZ XO-Z b3 5, ICZ XO-Z b3 6",HIP 26067,7.391
ICZ XZ-X b1-4,5,"Contains landable worlds: ICZ XZ-X b1-4 4, ICZ XZ-X b1-4 6, ICZ XZ-X b1-4 7 a",Sanka,9.013
ICZ ZU-X b1-5,5,"Contains landable worlds: ICZ ZU-X b1-5 3 a, ICZ ZU-X b1-5 5 a, ICZ ZU-X b1-5 6 a",Calhuacan,4.858
Puppis Sector BQ-P a5-2,5,"Contains landable worlds: Puppis Sector BQ-P a5-2 1, Puppis Sector BQ-P a5-2 2, Puppis Sector BQ-P a5-2 3, Puppis Sector BQ-P a5-2 4, Puppis Sector BQ-P a5-2 5, Puppis Sector BQ-P a5-2 5 a",LTT 2581,3.198
Puppis Sector CQ-P a5-0,5,"Contains landable worlds: Puppis Sector CQ-P a5-0 1, Puppis Sector CQ-P a5-0 2, Puppis Sector CQ-P a5-0 3, Puppis Sector CQ-P a5-0 4, Puppis Sector CQ-P a5-0 10 a, Puppis Sector CQ-P a5-0 10 b, Puppis Sector CQ-P a5-0 10 c, Puppis Sector CQ-P a5-0 10 d",LTT 2581,7.083
Puppis Sector DL-P a5-1,5,"Contains landable worlds: Puppis Sector DL-P a5-1 2 a, Puppis Sector DL-P a5-1 3, Puppis Sector DL-P a5-1 5 a",Lethe,6.991
Puppis Sector DL-P a5-3,5,"Contains landable worlds: Puppis Sector DL-P a5-3 1, Puppis Sector DL-P a5-3 2, Puppis Sector DL-P a5-3 3, Puppis Sector DL-P a5-3 4, Puppis Sector DL-P a5-3 4 a, Puppis Sector DL-P a5-3 5, Puppis Sector DL-P a5-3 6, Puppis Sector DL-P a5-3 7, Puppis Sector DL-P a5-3 8, Puppis Sector DL-P a5-3 9",Triton,8.551
Puppis Sector DQ-P a5-1,5,"Contains landable worlds: Puppis Sector DQ-P a5-1 1, Puppis Sector DQ-P a5-1 1 a, Puppis Sector DQ-P a5-1 2, Puppis Sector DQ-P a5-1 3, Puppis Sector DQ-P a5-1 4, Puppis Sector DQ-P a5-1 4 a, Puppis Sector DQ-P a5-1 5",LTT 2581,9.772
Puppis Sector EQ-P a5-1,5,"Contains landable worlds: Puppis Sector EQ-P a5-1 4 a, Puppis Sector EQ-P a5-1 7",Matio,8.612
Puppis Sector FW-N a6-3,5,Contains landable worlds: Puppis Sector FW-N a6-3 2 a,LTT 2581,8.949
Puppis Sector GW-N a6-0,5,"Contains landable worlds: Puppis Sector GW-N a6-0 1, Puppis Sector GW-N a6-0 1 a, Puppis Sector GW-N a6-0 2, Puppis Sector GW-N a6-0 3, Puppis Sector GW-N a6-0 4, Puppis Sector GW-N a6-0 4 a",LTT 2581,9.568
Puppis Sector GW-N a6-5,5,"Contains landable worlds: Puppis Sector GW-N a6-5 1, Puppis Sector GW-N a6-5 2, Puppis Sector GW-N a6-5 2 a, Puppis Sector GW-N a6-5 3, Puppis Sector GW-N a6-5 4, Puppis Sector GW-N a6-5 5, Puppis Sector GW-N a6-5 6, Puppis Sector GW-N a6-5 6 a, Puppis Sector GW-N a6-5 7",LTT 2581,9.838
Puppis Sector HR-N a6-0,5,"Contains landable worlds: Puppis Sector HR-N a6-0 1, Puppis Sector HR-N a6-0 2, Puppis Sector HR-N a6-0 3, Puppis Sector HR-N a6-0 3 a, Puppis Sector HR-N a6-0 4, Puppis Sector HR-N a6-0 5, Puppis Sector HR-N a6-0 6",Lethe,8.688
Puppis Sector HR-N a6-2,5,"Contains landable worlds: Puppis Sector HR-N a6-2 1, Puppis Sector HR-N a6-2 2, Puppis Sector HR-N a6-2 3, Puppis Sector HR-N a6-2 4, Puppis Sector HR-N a6-2 5, Puppis Sector HR-N a6-2 6",Ninhursag,7.575
Puppis Sector JC-M a7-2,5,"Contains landable worlds: Puppis Sector JC-M a7-2 1, Puppis Sector JC-M a7-2 2, Puppis Sector JC-M a7-2 3, Puppis Sector JC-M a7-2 3 a, Puppis Sector JC-M a7-2 4, Puppis Sector JC-M a7-2 5, Puppis Sector JC-M a7-2 6",Bhada,9.747
Puppis Sector LC-M a7-2,5,"Contains landable worlds: Puppis Sector LC-M a7-2 1, Puppis Sector LC-M a7-2 2, Puppis Sector LC-M a7-2 3, Puppis Sector LC-M a7-2 3 a, Puppis Sector LC-M a7-2 4, Puppis Sector LC-M a7-2 5, Puppis Sector LC-M a7-2 6, Puppis Sector LC-M a7-2 7",Dyr,8.932
Puppis Sector LX-L a7-0,5,"Contains landable worlds: Puppis Sector LX-L a7-0 1, Puppis Sector LX-L a7-0 2, Puppis Sector LX-L a7-0 3, Puppis Sector LX-L a7-0 4, Puppis Sector LX-L a7-0 5, Puppis Sector LX-L a7-0 6, Puppis Sector LX-L a7-0 6 a, Puppis Sector LX-L a7-0 7",Herci,8.331
Puppis Sector NI-K a8-1,5,"Contains landable worlds: Puppis Sector NI-K a8-1 1, Puppis Sector NI-K a8-1 2, Puppis Sector NI-K a8-1 3, Puppis Sector NI-K a8-1 4, Puppis Sector NI-K a8-1 5, Puppis Sector NI-K a8-1 6, Puppis Sector NI-K a8-1 7, Puppis Sector NI-K a8-1 8",Bhada,6.15
Puppis Sector OX-U b2-0,5,"Contains landable worlds: Puppis Sector OX-U b2-0 1, Puppis Sector OX-U b2-0 2, Puppis Sector OX-U b2-0 2 a, Puppis Sector OX-U b2-0 3, Puppis Sector OX-U b2-0 3 a, Puppis Sector OX-U b2-0 4, Puppis Sector OX-U b2-0 4 a, Puppis Sector OX-U b2-0 5",Matio,8.102
Puppis Sector OX-U b2-1,5,"Contains landable worlds: Puppis Sector OX-U b2-1 1, Puppis Sector OX-U b2-1 2, Puppis Sector OX-U b2-1 3, Puppis Sector OX-U b2-1 4, Puppis Sector OX-U b2-1 5, Puppis Sector OX-U b2-1 7, Puppis Sector OX-U b2-1 8, Puppis Sector OX-U b2-1 9",Matio,9.438
Puppis Sector OX-U b2-7,5,"Contains landable worlds: Puppis Sector OX-U b2-7 1, Puppis Sector OX-U b2-7 2, Puppis Sector OX-U b2-7 3, Puppis Sector OX-U b2-7 4, Puppis Sector OX-U b2-7 5, Puppis Sector OX-U b2-7 6, Puppis Sector OX-U b2-7 7",Matio,9.444
Puppis Sector ZE-R a4-0,5,"Contains landable worlds: Puppis Sector ZE-R a4-0 1, Puppis Sector ZE-R a4-0 2, Puppis Sector ZE-R a4-0 2 a, Puppis Sector ZE-R a4-0 3, Puppis Sector ZE-R a4-0 4, Puppis Sector ZE-R a4-0 5, Puppis Sector ZE-R a4-0 6, Puppis Sector ZE-R a4-0 7",Triton,9.39
Shui Wei Sector BM-S a5-4,5,"Contains landable worlds: Shui Wei Sector BM-S a5-4 1, Shui Wei Sector BM-S a5-4 2, Shui Wei Sector BM-S a5-4 3, Shui Wei Sector BM-S a5-4 3 a, Shui Wei Sector BM-S a5-4 4, Shui Wei Sector BM-S a5-4 4 a, Shui Wei Sector BM-S a5-4 5, Shui Wei Sector BM-S a5-4 6, Shui Wei Sector BM-S a5-4 7, Shui Wei Sector BM-S a5-4 7 a",CD-62 234,1.846
Shui Wei Sector CB-W b2-2,5,"Contains landable worlds: Shui Wei Sector CB-W b2-2 1, Shui Wei Sector CB-W b2-2 2, Shui Wei Sector CB-W b2-2 3, Shui Wei Sector CB-W b2-2 4, Shui Wei Sector CB-W b2-2 4 a, Shui Wei Sector CB-W b2-2 5, Shui Wei Sector CB-W b2-2 5 a, Shui Wei Sector CB-W b2-2 6 a",Herci,6.6
Shui Wei Sector CB-W b2-5,5,"Contains landable worlds: Shui Wei Sector CB-W b2-5 5 a, Shui Wei Sector CB-W b2-5 6 a",Sanka,8.405
Shui Wei Sector EW-V b2-2,5,"Contains landable worlds: Shui Wei Sector EW-V b2-2 4 a, Shui Wei Sector EW-V b2-2 5 a, Shui Wei Sector EW-V b2-2 6, Shui Wei Sector EW-V b2-2 6 a, Shui Wei Sector EW-V b2-2 7, Shui Wei Sector EW-V b2-2 8 a",Sanka,9.056
Shui Wei Sector FS-Q a6-0,5,"Contains landable worlds: Shui Wei Sector FS-Q a6-0 1, Shui Wei Sector FS-Q a6-0 2, Shui Wei Sector FS-Q a6-0 3, Shui Wei Sector FS-Q a6-0 4, Shui Wei Sector FS-Q a6-0 5, Shui Wei Sector FS-Q a6-0 6, Shui Wei Sector FS-Q a6-0 7, Shui Wei Sector FS-Q a6-0 8",LHS 1832,3.756
Shui Wei Sector GH-U b3-7,5,"Contains landable worlds: Shui Wei Sector GH-U b3-7 1, Shui Wei Sector GH-U b3-7 2, Shui Wei Sector GH-U b3-7 4, Shui Wei Sector GH-U b3-7 5",Velabri,9.185
Shui Wei Sector GS-Q a6-2,5,"Contains landable worlds: Shui Wei Sector GS-Q a6-2 1, Shui Wei Sector GS-Q a6-2 2, Shui Wei Sector GS-Q a6-2 3, Shui Wei Sector GS-Q a6-2 4, Shui Wei Sector GS-Q a6-2 5",Phra Zhons,4.874
Shui Wei Sector KY-O a7-3,5,"Contains landable worlds: Shui Wei Sector KY-O a7-3 1, Shui Wei Sector KY-O a7-3 2, Shui Wei Sector KY-O a7-3 3, Shui Wei Sector KY-O a7-3 5, Shui Wei Sector KY-O a7-3 6, Shui Wei Sector KY-O a7-3 7",HR 2283,5.447
Shui Wei Sector ZU-X b1-1,5,"Contains landable worlds: Shui Wei Sector ZU-X b1-1 2, Shui Wei Sector ZU-X b1-1 3, Shui Wei Sector ZU-X b1-1 4, Shui Wei Sector ZU-X b1-1 5",Hrunapori,2.569
Alpha Pictoris,1,"Contains multiple stars: Alpha Pictoris A, Alpha Pictoris B, Alpha Pictoris C",Luchu,9.41
CD-50 2947,1,"Contains multiple stars: CD-50 2947 A, CD-50 2947 B",RMK 6,7.92
CD-59 1706,1,"Contains multiple stars: CD-59 1706 A, CD-59 1706 B, CD-59 1706 C",Arannos,7.467
Col 285 Sector DG-Y a30-1,1,"Contains multiple stars: Col 285 Sector DG-Y a30-1 A, Col 285 Sector DG-Y a30-1 B",Antai,2.254
Col 285 Sector EG-Y a30-2,1,"Contains multiple stars: Col 285 Sector EG-Y a30-2 A, Col 285 Sector EG-Y a30-2 B",Anukan,8.6
Col 285 Sector EL-Y a30-2,1,"Contains multiple stars: Col 285 Sector EL-Y a30-2 A, Col 285 Sector EL-Y a30-2 B",HIP 35096,2.885
Col 285 Sector FG-Y a30-1,1,"Contains multiple stars: Col 285 Sector FG-Y a30-1 A, Col 285 Sector FG-Y a30-1 B",HIP 35096,9.616
Col 285 Sector FM-W a31-1,1,"Contains multiple stars: Col 285 Sector FM-W a31-1 A, Col 285 Sector FM-W a31-1 B, Col 285 Sector FM-W a31-1 C",Verner,4.132
Col 285 Sector KH-L c8-11,1,"Contains multiple stars: Col 285 Sector KH-L c8-11 A, Col 285 Sector KH-L c8-11 B, Col 285 Sector KH-L c8-11 C",RMK 6,9.885
Col 285 Sector KH-L c8-17,1,"Contains multiple stars: Col 285 Sector KH-L c8-17 A, Col 285 Sector KH-L c8-17 B, Col 285 Sector KH-L c8-17 C, Col 285 Sector KH-L c8-17 D",Arun,7.498
Col 285 Sector KH-L c8-18,1,"Contains multiple stars: Col 285 Sector KH-L c8-18 A, Col 285 Sector KH-L c8-18 B, Col 285 Sector KH-L c8-18 C",Tabalban,6.441
Col 285 Sector NS-U a32-4,1,"Contains multiple stars: Col 285 Sector NS-U a32-4 A, Col 285 Sector NS-U a32-4 B, Col 285 Sector NS-U a32-4 C, Col 285 Sector NS-U a32-4 D",LTT 2684,8.682
Col 285 Sector SD-Y b15-7,1,"Contains multiple stars: Col 285 Sector SD-Y b15-7 A, Col 285 Sector SD-Y b15-7 B, Col 285 Sector SD-Y b15-7 C, Col 285 Sector SD-Y b15-7 D",Tabalban,2.207
Col 285 Sector TD-Y b15-7,1,"Contains multiple stars: Col 285 Sector TD-Y b15-7 A, Col 285 Sector TD-Y b15-7 B",Tabalban,3.886
Col 285 Sector UT-R d4-68,1,"Contains multiple stars: Col 285 Sector UT-R d4-68 A, Col 285 Sector UT-R d4-68 B, Col 285 Sector UT-R d4-68 C",Kraung,7.446
Col 285 Sector UT-R d4-69,1,"Contains multiple stars: Col 285 Sector UT-R d4-69 A, Col 285 Sector UT-R d4-69 B, Col 285 Sector UT-R d4-69 C",Mors,7.078
Col 285 Sector UT-R d4-70,1,"Contains multiple stars: Col 285 Sector UT-R d4-70 A, Col 285 Sector UT-R d4-70 B",Arun,7.31
Col 285 Sector WJ-W b16-8,1,"Contains multiple stars: Col 285 Sector WJ-W b16-8 A, Col 285 Sector WJ-W b16-8 B",Groanomana,7.022
Col 285 Sector XJ-W b16-1,1,"Contains multiple stars: Col 285 Sector XJ-W b16-1 A, Col 285 Sector XJ-W b16-1 B",Gally Bese,7.202
Crucis Sector DL-Y c23,1,"Contains multiple stars: Crucis Sector DL-Y c23 A, Crucis Sector DL-Y c23 B, Crucis Sector DL-Y c23 C",Maka,3.785
Crucis Sector DL-Y c26,1,"Contains multiple stars: Crucis Sector DL-Y c26 A, Crucis Sector DL-Y c26 B",Maka,8.209
Crucis Sector FG-Y c15,1,"Contains multiple stars: Crucis Sector FG-Y c15 A, Crucis Sector FG-Y c15 B, Crucis Sector FG-Y c15 C, Crucis Sector FG-Y c15 D",Velabri,4.909
Crucis Sector FG-Y c17,1,"Contains multiple stars: Crucis Sector FG-Y c17 A, Crucis Sector FG-Y c17 B, Crucis Sector FG-Y c17 C, Crucis Sector FG-Y c17 D",HR 2283,6.706
Crucis Sector FG-Y c18,1,"Contains multiple stars: Crucis Sector FG-Y c18 A, Crucis Sector FG-Y c18 B",HR 2283,5.218
Crucis Sector IW-W b1-0,1,"Contains multiple stars: Crucis Sector IW-W b1-0 A, Crucis Sector IW-W b1-0 B",LP 98-62,8.294
Crucis Sector PC-V a2-0,1,"Contains multiple stars: Crucis Sector PC-V a2-0 A, Crucis Sector PC-V a2-0 B",Briganu,7.613
Crucis Sector UI-T a3-0,1,"Contains multiple stars: Crucis Sector UI-T a3-0 A, Crucis Sector UI-T a3-0 B",Briganu,9.392
HIP 22562,1,"Contains multiple stars: HIP 22562 A, HIP 22562 B",Lutni,6.379
HIP 31692,1,"Contains multiple stars: HIP 31692 A, HIP 31692 B",Lu Bei,4.782
HIP 33324,1,"Contains multiple stars: HIP 33324 A, HIP 33324 B, HIP 33324 C",Wuy jugun,7.488
HIP 33495,1,"Contains multiple stars: HIP 33495 A, HIP 33495 B",Wuy jugun,3.769
Hotas,1,"Contains multiple stars: Hotas, Wo 9155 B",CPD-59 314,7.474
HR 1504,1,"Contains multiple stars: HR 1504, Gl 175 B",HR 1597,3.433
HR 2548,1,"Contains multiple stars: HR 2548 A, HR 2548 B",LTT 2581,8.607
HR 2562,1,"Contains multiple stars: HR 2562 A, HR 2562 B",Groanomana,8.646
Hyades Sector QF-J a24-0,1,"Contains multiple stars: Hyades Sector QF-J a24-0 A, Hyades Sector QF-J a24-0 B",Bok,6.975
Hyades Sector WK-E b12-4,1,"Contains multiple stars: Hyades Sector WK-E b12-4 A, Hyades Sector WK-E b12-4 B",Eta-1 Pictoris,3.275
Hyades Sector WK-E b12-5,1,"Contains multiple stars: Hyades Sector WK-E b12-5 A, Hyades Sector WK-E b12-5 B",Gullapites,5.497
ICZ AA-Z c9,1,"Contains multiple stars: ICZ AA-Z c9 A, ICZ AA-Z c9 B, ICZ AA-Z c9 C",Naunei,5.522
ICZ AV-X b1-1,1,"Contains multiple stars: ICZ AV-X b1-1 A, ICZ AV-X b1-1 B, ICZ AV-X b1-1 C",San Davokje,6.748
ICZ BV-Y c28,1,"Contains multiple stars: ICZ BV-Y c28 A, ICZ BV-Y c28 B",Lutni,6.954
ICZ CG-W b2-1,1,"Contains multiple stars: ICZ CG-W b2-1 A, ICZ CG-W b2-1 B",Albangait,6.026
ICZ CQ-Y d97,1,"Contains multiple stars: ICZ CQ-Y d97 A, ICZ CQ-Y d97 B",HIP 26067,5.546
ICZ CV-Y c22,1,"Contains multiple stars: ICZ CV-Y c22 A, ICZ CV-Y c22 B, ICZ CV-Y c22 C",Marya Wang,7.006
ICZ DG-W b2-2,1,"Contains multiple stars: ICZ DG-W b2-2 A, ICZ DG-W b2-2 B",Albangait,4.839
ICZ GB-W b2-5,1,"Contains multiple stars: ICZ GB-W b2-5 A, ICZ GB-W b2-5 B",Lu Bei,9.913
ICZ YJ-Z b2,1,"Contains multiple stars: ICZ YJ-Z b2 A, ICZ YJ-Z b2 B",Lutni,8.793
ICZ YJ-Z b3,1,"Contains multiple stars: ICZ YJ-Z b3 A, ICZ YJ-Z b3 B, ICZ YJ-Z b3 C",Lutni,9.611
ICZ YJ-Z b6,1,"Contains multiple stars: ICZ YJ-Z b6 A, ICZ YJ-Z b6 B, ICZ YJ-Z b6 C, ICZ YJ-Z b6 D",Dievat,9.294
LHS 1751,1,"Contains multiple stars: LHS 1751 A, LHS 1751 B, LHS 1751 C",Ninhursag,4.093
LHS 1815,1,"Contains multiple stars: LHS 1815 A, LHS 1815 B",Verner,7.361
LHS 1904,1,"Contains multiple stars: LHS 1904 A, LHS 1904 B",Gyvata Indi,2.734
LHS 1909,1,"Contains multiple stars: LHS 1909 A, LHS 1909 B, LHS 1909 C",Gcirithang,5.447
LHS 1978,1,"Contains multiple stars: LHS 1978 A, LHS 1978 B",Gcirithang,7.25
LHS 210,1,"Contains multiple stars: LHS 210 A, LHS 210 B",LHS 1852,8.973
LTT 2126,1,"Contains multiple stars: LTT 2126 A, LTT 2126 B",Yota,9.769
LTT 2361,1,"Contains multiple stars: LTT 2361 A, LTT 2361 B, LTT 2361 C, LTT 2361 D",Mors,6.423
LTT 2450,1,"Contains multiple stars: LTT 2450 A, LTT 2450 B",Triton,7.834
Puppis Sector CQ-P a5-2,1,"Contains multiple stars: Puppis Sector CQ-P a5-2 A, Puppis Sector CQ-P a5-2 B, Puppis Sector CQ-P a5-2 C",LTT 2581,4.938
Puppis Sector DL-P a5-2,1,"Contains multiple stars: Puppis Sector DL-P a5-2 A, Puppis Sector DL-P a5-2 B",Lethe,5.948
Puppis Sector SD-T b3-7,1,"Contains multiple stars: Puppis Sector SD-T b3-7 A, Puppis Sector SD-T b3-7 B",Dyr,6.288
Seer,1,"Contains multiple stars: Seer A, Seer B, Seer C",CPD-59 314,2.947
Shui Wei Sector BQ-Y d93,1,"Contains multiple stars: Shui Wei Sector BQ-Y d93 A, Shui Wei Sector BQ-Y d93 B, Shui Wei Sector BQ-Y d93 C, Shui Wei Sector BQ-Y d93 D",Yota,6.254
Shui Wei Sector DB-W b2-3,1,"Contains multiple stars: Shui Wei Sector DB-W b2-3 A, Shui Wei Sector DB-W b2-3 B, Shui Wei Sector DB-W b2-3 C",Rureri,2.206
Shui Wei Sector GS-Q a6-1,1,"Contains multiple stars: Shui Wei Sector GS-Q a6-1 A, Shui Wei Sector GS-Q a6-1 B",LHS 1832,4.871
Shui Wei Sector IH-U b3-6,1,"Contains multiple stars: Shui Wei Sector IH-U b3-6 A, Shui Wei Sector IH-U b3-6 B, Shui Wei Sector IH-U b3-6 C",Lu Bei,7.952
Shui Wei Sector JH-U b3-4,1,"Contains multiple stars: Shui Wei Sector JH-U b3-4 A, Shui Wei Sector JH-U b3-4 B, Shui Wei Sector JH-U b3-4 C",Lu Bei,5.572
Shui Wei Sector YU-X b1-2,1,"Contains multiple stars: Shui Wei Sector YU-X b1-2 A, Shui Wei Sector YU-X b1-2 B",Shambogi,7.318
Shui Wei Sector YU-X b1-6,1,"Contains multiple stars: Shui Wei Sector YU-X b1-6 A, Shui Wei Sector YU-X b1-6 B",Gullapites,8.798
SHY 35,1,"Contains multiple stars: SHY 35, NN 3401 B",Bhada,9.421
BD+37 968,0,,Shambogi,2.505
CD-57 1054,0,,Duwaredari,7.482
CD-71 230,0,,Albangait,8.058
Col 285 Sector AF-A a30-1,0,,HIP 35096,6.234
Col 285 Sector DA-A a30-0,0,,HIP 35096,6.28
Col 285 Sector EG-Y a30-1,0,,Antai,8.486
Col 285 Sector EM-W a31-1,0,,Ninhursag,5.745
Col 285 Sector FG-Y a30-0,0,,HIP 35096,7.794
Col 285 Sector FG-Y a30-3,0,,Wuy jugun,6.259
Col 285 Sector FL-Y a30-0,0,,HIP 35096,3.346
Col 285 Sector FL-Y a30-4,0,,HIP 35096,8.358
Col 285 Sector GG-Y a30-0,0,,HIP 35096,8.429
Col 285 Sector GM-W a31-3,0,,Uhlan,8.324
Col 285 Sector HM-W a31-0,0,,Antai,8.562
Col 285 Sector HM-W a31-3,0,,Uhlan,4.852
Col 285 Sector HM-W a31-4,0,,Trumuye,6.725
Col 285 Sector IM-L c8-14,0,,Arannos,2.938
Col 285 Sector IS-U a32-3,0,,Herci,5.393
Col 285 Sector JM-W a31-3,0,,LTT 2684,5.52
Col 285 Sector JS-U a32-0,0,,Herci,3.824
Col 285 Sector KM-W a31-0,0,,Wuy jugun,2.606
Col 285 Sector KM-W a31-2,0,,Wuy jugun,3.118
Col 285 Sector KS-U a32-1,0,,LPM 229,3.386
Col 285 Sector KS-U a32-3,0,,LPM 229,5.15
Col 285 Sector KX-U a32-1,0,,Arannos,4.655
Col 285 Sector NS-U a32-1,0,,LTT 2684,8.276
Col 285 Sector OY-S a33-1,0,,LHS 1832,4.604
Col 285 Sector QY-S a33-1,0,,Groanomana,8.861
Col 285 Sector RY-S a33-1,0,,Groanomana,9.208
Col 285 Sector RY-S a33-4,0,,Groanomana,7.19
Col 285 Sector SD-Y b15-3,0,,Arun,8.393
Col 285 Sector SD-Y b15-4,0,,Arun,8.034
Col 285 Sector TD-Y b15-2,0,,Kraung,5.859
Col 285 Sector TD-Y b15-3,0,,Kraung,5.724
Col 285 Sector TD-Y b15-4,0,,Kraung,6.359
Col 285 Sector VJ-W b16-0,0,,Luchu,3.961
Col 285 Sector XJ-W b16-9,0,,Gally Bese,9.602
Col 285 Sector ZE-A a30-1,0,,HIP 35096,9.314
Crucis Sector LW-W a1-1,0,,Dyr,9.05
Crucis Sector NC-V a2-1,0,,Bhada,3.66
Crucis Sector NC-V a2-3,0,,LHS 1852,3.395
Crucis Sector OC-V a2-0,0,,Gyvata Indi,5.181
Crucis Sector TD-T a3-1,0,,Velabri,6.247
Crucis Sector TD-T a3-3,0,,Velabri,7.754
Crucis Sector UD-T a3-2,0,,Gyvata Indi,9.229
Crucis Sector UI-T a3-2,0,,LP 98-62,9.561
Crucis Sector UI-T a3-3,0,,LP 98-62,8.475
Crucis Sector VO-R a4-0,0,,Gcirithang,2.976
Crucis Sector XJ-R a4-1,0,,Velabri,9.066
Crucis Sector XJ-R a4-3,0,,Velabri,4.074
Crucis Sector YO-R a4-0,0,,LP 98-62,7.718
Crucis Sector YO-R a4-3,0,,LP 98-62,6.612
Crucis Sector YO-R a4-4,0,,LP 98-62,7.971
Gliese 9209,0,,Naualam,9.428
Hyades Sector LZ-K a23-0,0,,Triton,5.298
Hyades Sector PF-J a24-2,0,,Lethe,1.939
Hyades Sector QF-J a24-2,0,,Bok,6.107
ICZ AV-X b1-5,0,,Dievat,6.148
ICZ AV-X b1-6,0,,Ac Yariu,4.267
ICZ CV-Y c24,0,,Bhajaja,4.656
ICZ CV-Y c9,0,,Bhajaja,5.599
ICZ EB-W b2-6,0,,Albangait,6.628
ICZ GB-X c1-26,0,,Lu Bei,7.525
ICZ SI-B b0,0,,Amemets,6.177
ICZ VT-Z b2,0,,Kanates,6.197
ICZ XO-Z b5,0,,Kanates,3.242
ICZ XO-Z b6,0,,HIP 26067,6.431
ICZ YJ-Z b0,0,,Dievat,4.249
ICZ YO-Z b2,0,,Langjela,9.779
Peela,0,,Lethe,1.689
Proteus,0,,LTT 2581,9.546
Puppis Sector DL-P a5-0,0,,Lethe,5.564
Puppis Sector EL-P a5-0,0,,Triton,7.313
Puppis Sector GW-N a6-1,0,,LTT 2581,9.268
Puppis Sector YJ-R a4-2,0,,LTT 2581,8.636
Puppis Sector ZE-R a4-3,0,,Triton,6.952
Repun Kami,0,,Lethe,7.029
Shui Wei Sector DS-Q a6-0,0,,Bhada,7.663
Shui Wei Sector EB-W b2-0,0,,Groanomana,8.611
Shui Wei Sector GH-U b3-0,0,,Velabri,9.679
Shui Wei Sector HH-U b3-6,0,,HR 2283,6.85
Shui Wei Sector JH-U b3-0,0,,Lu Bei,9.592
Shui Wei Sector VO-Z b4,0,,Gullapites,9.012
